time,x,y,z,vx,vy,vz
0,0,0,0,30,30,0
0.01,0.299878,0.299388,0,29.9756,29.8776,0
0.02,0.599513,0.597552,0,29.9513,29.7553,0
0.03,0.898904,0.894493,0,29.9271,29.6331,0
0.04,1.19805,1.19021,0,29.9029,29.5112,0
0.05,1.49696,1.48472,0,29.8789,29.3893,0
0.06,1.79563,1.778,0,29.8549,29.2677,0
0.07,2.09406,2.07007,0,29.8309,29.1462,0
0.08,2.39225,2.36093,0,29.8071,29.0248,0
0.09,2.6902,2.65057,0,29.7833,28.9036,0
0.1,2.98792,2.939,0,29.7597,28.7826,0
0.11,3.2854,3.22622,0,29.7361,28.6617,0
0.12,3.58264,3.51223,0,29.7125,28.5409,0
0.13,3.87965,3.79704,0,29.6891,28.4204,0
0.14,4.17642,4.08064,0,29.6657,28.2999,0
0.15,4.47296,4.36304,0,29.6424,28.1796,0
0.16,4.76927,4.64423,0,29.6192,28.0595,0
0.17,5.06534,4.92423,0,29.596,27.9395,0
0.18,5.36119,5.20302,0,29.5729,27.8196,0
0.19,5.6568,5.48062,0,29.5499,27.6999,0
0.2,5.95219,5.75702,0,29.527,27.5804,0
0.21,6.24734,6.03223,0,29.5041,27.4609,0
0.22,6.54227,6.30624,0,29.4813,27.3417,0
0.23,6.83697,6.57906,0,29.4586,27.2225,0
0.24,7.13144,6.85069,0,29.436,27.1036,0
0.25,7.42569,7.12113,0,29.4134,26.9847,0
0.26,7.71971,7.39039,0,29.3909,26.866,0
0.27,8.01351,7.65846,0,29.3685,26.7475,0
0.28,8.30708,7.92534,0,29.3461,26.629,0
0.29,8.60043,8.19104,0,29.3239,26.5108,0
0.3,8.89356,8.45555,0,29.3016,26.3926,0
0.31,9.18646,8.71889,0,29.2795,26.2746,0
0.32,9.47915,8.98105,0,29.2574,26.1567,0
0.33,9.77161,9.24202,0,29.2354,26.039,0
0.34,10.0639,9.50183,0,29.2135,25.9214,0
0.35,10.3559,9.76045,0,29.1916,25.8039,0
0.36,10.6477,10.0179,0,29.1698,25.6866,0
0.37,10.9393,10.2742,0,29.1481,25.5694,0
0.38,11.2307,10.5293,0,29.1265,25.4524,0
0.39,11.5218,10.7832,0,29.1049,25.3354,0
0.4,11.8128,11.036,0,29.0834,25.2186,0
0.41,12.1035,11.2876,0,29.0619,25.102,0
0.42,12.394,11.538,0,29.0405,24.9854,0
0.43,12.6843,11.7873,0,29.0192,24.869,0
0.44,12.9744,12.0354,0,28.9979,24.7528,0
0.45,13.2642,12.2824,0,28.9768,24.6366,0
0.46,13.5539,12.5282,0,28.9556,24.5206,0
0.47,13.8434,12.7728,0,28.9346,24.4047,0
0.48,14.1326,13.0163,0,28.9136,24.2889,0
0.49,14.4216,13.2586,0,28.8927,24.1733,0
0.5,14.7105,13.4997,0,28.8718,24.0578,0
0.51,14.9991,13.7397,0,28.851,23.9424,0
0.52,15.2875,13.9786,0,28.8303,23.8271,0
0.53,15.5757,14.2163,0,28.8096,23.712,0
0.54,15.8637,14.4528,0,28.789,23.597,0
0.55,16.1515,14.6882,0,28.7685,23.4821,0
0.56,16.439,14.9224,0,28.748,23.3673,0
0.57,16.7264,15.1555,0,28.7276,23.2526,0
0.58,17.0136,15.3875,0,28.7073,23.1381,0
0.59,17.3006,15.6183,0,28.687,23.0237,0
0.6,17.5873,15.848,0,28.6668,22.9094,0
0.61,17.8739,16.0765,0,28.6466,22.7952,0
0.62,18.1603,16.3039,0,28.6265,22.6812,0
0.63,18.4464,16.5301,0,28.6065,22.5672,0
0.64,18.7324,16.7552,0,28.5865,22.4534,0
0.65,19.0182,16.9792,0,28.5666,22.3397,0
0.66,19.3037,17.202,0,28.5468,22.2261,0
0.67,19.5891,17.4237,0,28.527,22.1126,0
0.68,19.8743,17.6443,0,28.5072,21.9993,0
0.69,20.1592,17.8637,0,28.4876,21.886,0
0.7,20.444,18.082,0,28.468,21.7729,0
0.71,20.7286,18.2992,0,28.4484,21.6599,0
0.72,21.013,18.5152,0,28.4289,21.547,0
0.73,21.2972,18.7301,0,28.4095,21.4342,0
0.74,21.5812,18.9439,0,28.3901,21.3215,0
0.75,21.865,19.1565,0,28.3708,21.2089,0
0.76,22.1486,19.3681,0,28.3515,21.0965,0
0.77,22.432,19.5785,0,28.3323,20.9841,0
0.78,22.7152,19.7877,0,28.3132,20.8719,0
0.79,22.9983,19.9959,0,28.2941,20.7597,0
0.8,23.2811,20.2029,0,28.2751,20.6477,0
0.81,23.5638,20.4088,0,28.2561,20.5358,0
0.82,23.8462,20.6136,0,28.2372,20.424,0
0.83,24.1285,20.8173,0,28.2183,20.3123,0
0.84,24.4106,21.0199,0,28.1995,20.2007,0
0.85,24.6925,21.2213,0,28.1808,20.0892,0
0.86,24.9742,21.4217,0,28.1621,19.9778,0
0.87,25.2558,21.6209,0,28.1435,19.8665,0
0.88,25.5371,21.819,0,28.1249,19.7553,0
0.89,25.8183,22.016,0,28.1064,19.6442,0
0.9,26.0992,22.2119,0,28.0879,19.5332,0
0.91,26.38,22.4067,0,28.0695,19.4224,0
0.92,26.6606,22.6003,0,28.0511,19.3116,0
0.93,26.941,22.7929,0,28.0328,19.2009,0
0.94,27.2213,22.9844,0,28.0146,19.0904,0
0.95,27.5013,23.1747,0,27.9964,18.9799,0
0.96,27.7812,23.364,0,27.9782,18.8695,0
0.97,28.0609,23.5521,0,27.9601,18.7592,0
0.98,28.3404,23.7391,0,27.9421,18.6491,0
0.99,28.6197,23.9251,0,27.9241,18.539,0
1,28.8989,24.1099,0,27.9062,18.429,0
1.01,29.1779,24.2937,0,27.8883,18.3191,0
1.02,29.4566,24.4763,0,27.8704,18.2094,0
1.03,29.7353,24.6578,0,27.8527,18.0997,0
1.04,30.0137,24.8383,0,27.8349,17.9901,0
1.05,30.292,25.0177,0,27.8172,17.8806,0
1.06,30.57,25.1959,0,27.7996,17.7712,0
1.07,30.848,25.3731,0,27.782,17.6619,0
1.08,31.1257,25.5491,0,27.7645,17.5527,0
1.09,31.4032,25.7241,0,27.747,17.4435,0
1.1,31.6806,25.898,0,27.7296,17.3345,0
1.11,31.9578,26.0708,0,27.7122,17.2256,0
1.12,32.2349,26.2425,0,27.6949,17.1167,0
1.13,32.5117,26.4132,0,27.6776,17.008,0
1.14,32.7884,26.5827,0,27.6604,16.8993,0
1.15,33.0649,26.7511,0,27.6432,16.7908,0
1.16,33.3413,26.9185,0,27.6261,16.6823,0
1.17,33.6175,27.0848,0,27.609,16.5739,0
1.18,33.8935,27.25,0,27.5919,16.4656,0
1.19,34.1693,27.4141,0,27.575,16.3574,0
1.2,34.445,27.5771,0,27.558,16.2493,0
1.21,34.7205,27.7391,0,27.5411,16.1412,0
1.22,34.9958,27.9,0,27.5243,16.0333,0
1.23,35.2709,28.0598,0,27.5075,15.9254,0
1.24,35.5459,28.2185,0,27.4907,15.8177,0
1.25,35.8208,28.3761,0,27.474,15.71,0
1.26,36.0954,28.5327,0,27.4573,15.6024,0
1.27,36.3699,28.6882,0,27.4407,15.4949,0
1.28,36.6442,28.8426,0,27.4241,15.3874,0
1.29,36.9184,28.9959,0,27.4076,15.2801,0
1.3,37.1924,29.1482,0,27.3911,15.1728,0
1.31,37.4662,29.2994,0,27.3747,15.0657,0
1.32,37.7399,29.4495,0,27.3583,14.9586,0
1.33,38.0134,29.5985,0,27.3419,14.8516,0
1.34,38.2867,29.7465,0,27.3256,14.7446,0
1.35,38.5599,29.8934,0,27.3094,14.6378,0
1.36,38.8329,30.0393,0,27.2932,14.531,0
1.37,39.1058,30.184,0,27.277,14.4243,0
1.38,39.3784,30.3278,0,27.2609,14.3177,0
1.39,39.651,30.4704,0,27.2448,14.2112,0
1.4,39.9233,30.612,0,27.2287,14.1048,0
1.41,40.1955,30.7525,0,27.2127,13.9984,0
1.42,40.4676,30.892,0,27.1968,13.8921,0
1.43,40.7395,31.0303,0,27.1808,13.7859,0
1.44,41.0112,31.1677,0,27.165,13.6798,0
1.45,41.2828,31.3039,0,27.1491,13.5738,0
1.46,41.5542,31.4391,0,27.1333,13.4678,0
1.47,41.8255,31.5733,0,27.1176,13.3619,0
1.48,42.0965,31.7064,0,27.1019,13.2561,0
1.49,42.3675,31.8384,0,27.0862,13.1504,0
1.5,42.6383,31.9694,0,27.0706,13.0447,0
1.51,42.9089,32.0993,0,27.055,12.9391,0
1.52,43.1794,32.2282,0,27.0394,12.8336,0
1.53,43.4497,32.356,0,27.0239,12.7282,0
1.54,43.7198,32.4827,0,27.0084,12.6228,0
1.55,43.9899,32.6084,0,26.993,12.5175,0
1.56,44.2597,32.7331,0,26.9776,12.4123,0
1.57,44.5294,32.8567,0,26.9622,12.3072,0
1.58,44.799,32.9792,0,26.9469,12.2021,0
1.59,45.0683,33.1007,0,26.9316,12.0971,0
1.6,45.3376,33.2212,0,26.9164,11.9922,0
1.61,45.6067,33.3406,0,26.9012,11.8874,0
1.62,45.8756,33.4589,0,26.886,11.7826,0
1.63,46.1444,33.5762,0,26.8709,11.6779,0
1.64,46.413,33.6925,0,26.8558,11.5732,0
1.65,46.6815,33.8077,0,26.8408,11.4687,0
1.66,46.9498,33.9219,0,26.8258,11.3642,0
1.67,47.218,34.035,0,26.8108,11.2598,0
1.68,47.4861,34.147,0,26.7958,11.1554,0
1.69,47.7539,34.2581,0,26.7809,11.0512,0
1.7,48.0217,34.3681,0,26.766,10.9469,0
1.71,48.2893,34.477,0,26.7512,10.8428,0
1.72,48.5567,34.5849,0,26.7364,10.7387,0
1.73,48.824,34.6918,0,26.7216,10.6347,0
1.74,49.0911,34.7976,0,26.7069,10.5308,0
1.75,49.3581,34.9024,0,26.6922,10.4269,0
1.76,49.625,35.0062,0,26.6775,10.3231,0
1.77,49.8917,35.1089,0,26.6629,10.2194,0
1.78,50.1582,35.2105,0,26.6483,10.1157,0
1.79,50.4247,35.3112,0,26.6338,10.0121,0
1.8,50.6909,35.4108,0,26.6192,9.90858,0
1.81,50.957,35.5094,0,26.6047,9.80511,0
1.82,51.223,35.6069,0,26.5903,9.70171,0
1.83,51.4888,35.7034,0,26.5759,9.59837,0
1.84,51.7545,35.7989,0,26.5615,9.4951,0
1.85,52.0201,35.8933,0,26.5471,9.39189,0
1.86,52.2855,35.9867,0,26.5328,9.28875,0
1.87,52.5507,36.0791,0,26.5185,9.18567,0
1.88,52.8158,36.1704,0,26.5042,9.08266,0
1.89,53.0808,36.2607,0,26.49,8.9797,0
1.9,53.3456,36.35,0,26.4758,8.87681,0
1.91,53.6103,36.4383,0,26.4616,8.77399,0
1.92,53.8749,36.5255,0,26.4474,8.67123,0
1.93,54.1393,36.6117,0,26.4333,8.56853,0
1.94,54.4035,36.6969,0,26.4193,8.46589,0
1.95,54.6677,36.781,0,26.4052,8.36331,0
1.96,54.9316,36.8641,0,26.3912,8.2608,0
1.97,55.1955,36.9462,0,26.3772,8.15834,0
1.98,55.4592,37.0273,0,26.3632,8.05595,0
1.99,55.7227,37.1073,0,26.3493,7.95362,0
2,55.9862,37.1864,0,26.3354,7.85135,0
2.01,56.2495,37.2644,0,26.3215,7.74914,0
2.02,56.5126,37.3413,0,26.3077,7.64699,0
2.03,56.7756,37.4173,0,26.2938,7.54489,0
2.04,57.0385,37.4922,0,26.2801,7.44286,0
2.05,57.3012,37.5662,0,26.2663,7.34089,0
2.06,57.5638,37.6391,0,26.2526,7.23898,0
2.07,57.8263,37.7109,0,26.2389,7.13712,0
2.08,58.0886,37.7818,0,26.2252,7.03533,0
2.09,58.3508,37.8517,0,26.2115,6.93359,0
2.1,58.6128,37.9205,0,26.1979,6.83191,0
2.11,58.8747,37.9883,0,26.1843,6.73029,0
2.12,59.1365,38.0551,0,26.1707,6.62873,0
2.13,59.3981,38.1209,0,26.1572,6.52722,0
2.14,59.6596,38.1856,0,26.1437,6.42577,0
2.15,59.921,38.2494,0,26.1302,6.32438,0
2.16,60.1822,38.3121,0,26.1167,6.22305,0
2.17,60.4433,38.3738,0,26.1033,6.12177,0
2.18,60.7043,38.4346,0,26.0898,6.02055,0
2.19,60.9651,38.4943,0,26.0764,5.91938,0
2.2,61.2258,38.5529,0,26.0631,5.81827,0
2.21,61.4864,38.6106,0,26.0497,5.71722,0
2.22,61.7468,38.6673,0,26.0364,5.61622,0
2.23,62.0071,38.7229,0,26.0231,5.51528,0
2.24,62.2673,38.7776,0,26.0098,5.41439,0
2.25,62.5273,38.8312,0,25.9966,5.31356,0
2.26,62.7872,38.8839,0,25.9834,5.21278,0
2.27,63.047,38.9355,0,25.9702,5.11205,0
2.28,63.3066,38.9861,0,25.957,5.01138,0
2.29,63.5661,39.0357,0,25.9438,4.91077,0
2.3,63.8255,39.0843,0,25.9307,4.81021,0
2.31,64.0847,39.1319,0,25.9176,4.7097,0
2.32,64.3439,39.1785,0,25.9045,4.60924,0
2.33,64.6028,39.2241,0,25.8914,4.50884,0
2.34,64.8617,39.2687,0,25.8784,4.4085,0
2.35,65.1204,39.3123,0,25.8653,4.3082,0
2.36,65.379,39.3549,0,25.8523,4.20796,0
2.37,65.6375,39.3964,0,25.8393,4.10777,0
2.38,65.8958,39.437,0,25.8264,4.00763,0
2.39,66.154,39.4766,0,25.8134,3.90755,0
2.4,66.412,39.5152,0,25.8005,3.80752,0
2.41,66.67,39.5527,0,25.7876,3.70754,0
2.42,66.9278,39.5893,0,25.7747,3.60761,0
2.43,67.1855,39.6249,0,25.7619,3.50774,0
2.44,67.443,39.6595,0,25.749,3.40791,0
2.45,67.7005,39.693,0,25.7362,3.30814,0
2.46,67.9578,39.7256,0,25.7234,3.20842,0
2.47,68.2149,39.7572,0,25.7106,3.10875,0
2.48,68.472,39.7878,0,25.6978,3.00913,0
2.49,68.7289,39.8174,0,25.6851,2.90956,0
2.5,68.9857,39.846,0,25.6723,2.81004,0
2.51,69.2423,39.8736,0,25.6596,2.71057,0
2.52,69.4989,39.9002,0,25.6469,2.61115,0
2.53,69.7553,39.9258,0,25.6342,2.51179,0
2.54,70.0116,39.9504,0,25.6216,2.41247,0
2.55,70.2677,39.9741,0,25.6089,2.3132,0
2.56,70.5237,39.9967,0,25.5963,2.21399,0
2.57,70.7796,40.0184,0,25.5837,2.11482,0
2.58,71.0354,40.039,0,25.5711,2.0157,0
2.59,71.2911,40.0587,0,25.5585,1.91664,0
2.6,71.5466,40.0773,0,25.5459,1.81762,0
2.61,71.802,40.095,0,25.5334,1.71865,0
2.62,72.0572,40.1117,0,25.5209,1.61973,0
2.63,72.3124,40.1274,0,25.5084,1.52086,0
2.64,72.5674,40.1421,0,25.4958,1.42204,0
2.65,72.8223,40.1559,0,25.4834,1.32327,0
2.66,73.0771,40.1686,0,25.4709,1.22454,0
2.67,73.3317,40.1803,0,25.4584,1.12587,0
2.68,73.5862,40.1911,0,25.446,1.02724,0
2.69,73.8406,40.2009,0,25.4336,0.928663,0
2.7,74.0949,40.2097,0,25.4211,0.830134,0
2.71,74.3491,40.2175,0,25.4087,0.731653,0
2.72,74.6031,40.2243,0,25.3964,0.63322,0
2.73,74.857,40.2302,0,25.384,0.534835,0
2.74,75.1108,40.235,0,25.3716,0.436499,0
2.75,75.3644,40.2389,0,25.3593,0.33821,0
2.76,75.618,40.2418,0,25.3469,0.239969,0
2.77,75.8714,40.2437,0,25.3346,0.141777,0
2.78,76.1246,40.2446,0,25.3223,0.0436315,0
2.79,76.3778,40.2446,0,25.31,-0.0544658,0
2.8,76.6308,40.2435,0,25.2977,-0.152516,0
2.81,76.8838,40.2415,0,25.2854,-0.250518,0
2.82,77.1366,40.2385,0,25.2732,-0.348472,0
2.83,77.3892,40.2345,0,25.2609,-0.44638,0
2.84,77.6418,40.2296,0,25.2487,-0.54424,0
2.85,77.8942,40.2237,0,25.2364,-0.642052,0
2.86,78.1465,40.2167,0,25.2242,-0.739817,0
2.87,78.3987,40.2089,0,25.212,-0.837536,0
2.88,78.6507,40.2,0,25.1998,-0.935207,0
2.89,78.9027,40.1902,0,25.1876,-1.03283,0
2.9,79.1545,40.1793,0,25.1754,-1.13041,0
2.91,79.4062,40.1675,0,25.1633,-1.22794,0
2.92,79.6578,40.1548,0,25.1511,-1.32542,0
2.93,79.9092,40.141,0,25.1389,-1.42286,0
2.94,80.1605,40.1263,0,25.1268,-1.52024,0
2.95,80.4117,40.1106,0,25.1147,-1.61759,0
2.96,80.6628,40.094,0,25.1025,-1.71488,0
2.97,80.9138,40.0763,0,25.0904,-1.81213,0
2.98,81.1646,40.0577,0,25.0783,-1.90933,0
2.99,81.4154,40.0382,0,25.0662,-2.00649,0
3,81.666,40.0176,0,25.0541,-2.1036,0
3.01,81.9164,39.9961,0,25.042,-2.20066,0
3.02,82.1668,39.9736,0,25.03,-2.29767,0
3.03,82.417,39.9501,0,25.0179,-2.39464,0
3.04,82.6672,39.9257,0,25.0058,-2.49156,0
3.05,82.9172,39.9003,0,24.9938,-2.58844,0
3.06,83.167,39.8739,0,24.9817,-2.68527,0
3.07,83.4168,39.8466,0,24.9697,-2.78205,0
3.08,83.6664,39.8183,0,24.9576,-2.87878,0
3.09,83.9159,39.789,0,24.9456,-2.97547,0
3.1,84.1653,39.7588,0,24.9336,-3.07211,0
3.11,84.4146,39.7276,0,24.9216,-3.16871,0
3.12,84.6638,39.6954,0,24.9095,-3.26526,0
3.13,84.9128,39.6623,0,24.8975,-3.36176,0
3.14,85.1617,39.6282,0,24.8855,-3.45822,0
3.15,85.4105,39.5931,0,24.8735,-3.55463,0
3.16,85.6592,39.5571,0,24.8615,-3.65099,0
3.17,85.9078,39.5201,0,24.8496,-3.7473,0
3.18,86.1562,39.4821,0,24.8376,-3.84357,0
3.19,86.4045,39.4432,0,24.8256,-3.9398,0
3.2,86.6527,39.4033,0,24.8136,-4.03597,0
3.21,86.9008,39.3625,0,24.8017,-4.1321,0
3.22,87.1487,39.3207,0,24.7897,-4.22818,0
3.23,87.3966,39.2779,0,24.7777,-4.32422,0
3.24,87.6443,39.2342,0,24.7658,-4.42021,0
3.25,87.8919,39.1895,0,24.7538,-4.51615,0
3.26,88.1394,39.1439,0,24.7419,-4.61205,0
3.27,88.3867,39.0973,0,24.7299,-4.7079,0
3.28,88.634,39.0497,0,24.718,-4.8037,0
3.29,88.8811,39.0012,0,24.706,-4.89945,0
3.3,89.1281,38.9517,0,24.6941,-4.99516,0
3.31,89.375,38.9013,0,24.6821,-5.09082,0
3.32,89.6217,38.8499,0,24.6702,-5.18644,0
3.33,89.8684,38.7976,0,24.6583,-5.28201,0
3.34,90.1149,38.7443,0,24.6463,-5.37753,0
3.35,90.3613,38.69,0,24.6344,-5.473,0
3.36,90.6076,38.6348,0,24.6225,-5.56842,0
3.37,90.8537,38.5787,0,24.6105,-5.6638,0
3.38,91.0998,38.5215,0,24.5986,-5.75913,0
3.39,91.3457,38.4635,0,24.5867,-5.85442,0
3.4,91.5915,38.4045,0,24.5748,-5.94965,0
3.41,91.8372,38.3445,0,24.5628,-6.04484,0
3.42,92.0828,38.2836,0,24.5509,-6.13999,0
3.43,92.3282,38.2217,0,24.539,-6.23508,0
3.44,92.5736,38.1589,0,24.5271,-6.33013,0
3.45,92.8188,38.0951,0,24.5152,-6.42512,0
3.46,93.0639,38.0304,0,24.5032,-6.52008,0
3.47,93.3088,37.9647,0,24.4913,-6.61498,0
3.48,93.5537,37.8981,0,24.4794,-6.70983,0
3.49,93.7984,37.8305,0,24.4675,-6.80464,0
3.5,94.043,37.762,0,24.4555,-6.8994,0
3.51,94.2875,37.6925,0,24.4436,-6.99411,0
3.52,94.5319,37.6221,0,24.4317,-7.08878,0
3.53,94.7762,37.5507,0,24.4197,-7.18339,0
3.54,95.0203,37.4784,0,24.4078,-7.27796,0
3.55,95.2643,37.4052,0,24.3959,-7.37248,0
3.56,95.5082,37.331,0,24.384,-7.46695,0
3.57,95.752,37.2558,0,24.372,-7.56137,0
3.58,95.9957,37.1797,0,24.3601,-7.65574,0
3.59,96.2392,37.1027,0,24.3481,-7.75006,0
3.6,96.4826,37.0247,0,24.3362,-7.84434,0
3.61,96.7259,36.9458,0,24.3243,-7.93856,0
3.62,96.9691,36.866,0,24.3123,-8.03274,0
3.63,97.2122,36.7852,0,24.3004,-8.12687,0
3.64,97.4551,36.7034,0,24.2884,-8.22095,0
3.65,97.6979,36.6207,0,24.2765,-8.31498,0
3.66,97.9406,36.5371,0,24.2645,-8.40896,0
3.67,98.1832,36.4526,0,24.2525,-8.50289,0
3.68,98.4257,36.3671,0,24.2406,-8.59677,0
3.69,98.668,36.2806,0,24.2286,-8.6906,0
3.7,98.9103,36.1933,0,24.2166,-8.78439,0
3.71,99.1524,36.1049,0,24.2047,-8.87812,0
3.72,99.3944,36.0157,0,24.1927,-8.9718,0
3.73,99.6362,35.9255,0,24.1807,-9.06543,0
3.74,99.878,35.8344,0,24.1687,-9.15901,0
3.75,100.12,35.7423,0,24.1567,-9.25255,0
3.76,100.361,35.6493,0,24.1447,-9.34603,0
3.77,100.603,35.5554,0,24.1327,-9.43946,0
3.78,100.844,35.4605,0,24.1207,-9.53284,0
3.79,101.085,35.3648,0,24.1087,-9.62617,0
3.8,101.326,35.268,0,24.0967,-9.71945,0
3.81,101.567,35.1704,0,24.0847,-9.81267,0
3.82,101.808,35.0718,0,24.0727,-9.90585,0
3.83,102.048,34.9722,0,24.0606,-9.99898,0
3.84,102.289,34.8718,0,24.0486,-10.0921,0
3.85,102.529,34.7704,0,24.0366,-10.1851,0
3.86,102.77,34.6681,0,24.0245,-10.278,0
3.87,103.01,34.5648,0,24.0125,-10.371,0
3.88,103.25,34.4607,0,24.0004,-10.4638,0
3.89,103.49,34.3556,0,23.9883,-10.5566,0
3.9,103.73,34.2495,0,23.9763,-10.6494,0
3.91,103.969,34.1426,0,23.9642,-10.7421,0
3.92,104.209,34.0347,0,23.9521,-10.8348,0
3.93,104.448,33.9259,0,23.94,-10.9274,0
3.94,104.688,33.8161,0,23.9279,-11.0199,0
3.95,104.927,33.7055,0,23.9158,-11.1124,0
3.96,105.166,33.5939,0,23.9037,-11.2049,0
3.97,105.405,33.4814,0,23.8916,-11.2973,0
3.98,105.644,33.368,0,23.8795,-11.3896,0
3.99,105.883,33.2536,0,23.8674,-11.4819,0
4,106.121,33.1383,0,23.8552,-11.5742,0
4.01,106.36,33.0221,0,23.8431,-11.6664,0
4.02,106.598,32.905,0,23.8309,-11.7585,0
4.03,106.836,32.7869,0,23.8188,-11.8506,0
4.04,107.074,32.668,0,23.8066,-11.9426,0
4.05,107.312,32.5481,0,23.7944,-12.0345,0
4.06,107.55,32.4273,0,23.7823,-12.1265,0
4.07,107.788,32.3056,0,23.7701,-12.2183,0
4.08,108.026,32.1829,0,23.7579,-12.3101,0
4.09,108.263,32.0594,0,23.7457,-12.4019,0
4.1,108.501,31.9349,0,23.7335,-12.4936,0
4.11,108.738,31.8095,0,23.7212,-12.5852,0
4.12,108.975,31.6832,0,23.709,-12.6768,0
4.13,109.212,31.556,0,23.6968,-12.7683,0
4.14,109.449,31.4278,0,23.6845,-12.8598,0
4.15,109.686,31.2988,0,23.6723,-12.9512,0
4.16,109.922,31.1688,0,23.66,-13.0426,0
4.17,110.159,31.0379,0,23.6477,-13.1339,0
4.18,110.395,30.9061,0,23.6355,-13.2252,0
4.19,110.632,30.7734,0,23.6232,-13.3164,0
4.2,110.868,30.6398,0,23.6109,-13.4075,0
4.21,111.104,30.5053,0,23.5986,-13.4986,0
4.22,111.34,30.3698,0,23.5862,-13.5896,0
4.23,111.576,30.2335,0,23.5739,-13.6806,0
4.24,111.811,30.0962,0,23.5616,-13.7715,0
4.25,112.047,29.958,0,23.5492,-13.8624,0
4.26,112.282,29.819,0,23.5369,-13.9532,0
4.27,112.518,29.679,0,23.5245,-14.0439,0
4.28,112.753,29.5381,0,23.5121,-14.1346,0
4.29,112.988,29.3963,0,23.4998,-14.2252,0
4.3,113.223,29.2536,0,23.4874,-14.3158,0
4.31,113.458,29.11,0,23.475,-14.4063,0
4.32,113.692,28.9654,0,23.4625,-14.4968,0
4.33,113.927,28.82,0,23.4501,-14.5872,0
4.34,114.161,28.6737,0,23.4377,-14.6775,0
4.35,114.396,28.5265,0,23.4252,-14.7678,0
4.36,114.63,28.3783,0,23.4128,-14.858,0
4.37,114.864,28.2293,0,23.4003,-14.9482,0
4.38,115.098,28.0794,0,23.3878,-15.0383,0
4.39,115.332,27.9286,0,23.3754,-15.1283,0
4.4,115.565,27.7768,0,23.3629,-15.2183,0
4.41,115.799,27.6242,0,23.3504,-15.3082,0
4.42,116.032,27.4707,0,23.3378,-15.3981,0
4.43,116.266,27.3162,0,23.3253,-15.4879,0
4.44,116.499,27.1609,0,23.3128,-15.5777,0
4.45,116.732,27.0047,0,23.3002,-15.6673,0
4.46,116.965,26.8475,0,23.2877,-15.757,0
4.47,117.198,26.6895,0,23.2751,-15.8465,0
4.48,117.43,26.5306,0,23.2625,-15.936,0
4.49,117.663,26.3708,0,23.2499,-16.0255,0
4.5,117.895,26.2101,0,23.2373,-16.1149,0
4.51,118.128,26.0485,0,23.2247,-16.2042,0
4.52,118.36,25.886,0,23.2121,-16.2935,0
4.53,118.592,25.7226,0,23.1994,-16.3827,0
4.54,118.824,25.5584,0,23.1868,-16.4718,0
4.55,119.056,25.3932,0,23.1741,-16.5609,0
4.56,119.287,25.2272,0,23.1614,-16.6499,0
4.57,119.519,25.0602,0,23.1488,-16.7388,0
4.58,119.75,24.8924,0,23.1361,-16.8277,0
4.59,119.982,24.7237,0,23.1233,-16.9166,0
4.6,120.213,24.554,0,23.1106,-17.0053,0
4.61,120.444,24.3836,0,23.0979,-17.094,0
4.62,120.675,24.2122,0,23.0852,-17.1827,0
4.63,120.905,24.0399,0,23.0724,-17.2713,0
4.64,121.136,23.8667,0,23.0596,-17.3598,0
4.65,121.367,23.6927,0,23.0468,-17.4482,0
4.66,121.597,23.5178,0,23.0341,-17.5366,0
4.67,121.827,23.342,0,23.0213,-17.6249,0
4.68,122.057,23.1653,0,23.0084,-17.7132,0
4.69,122.287,22.9877,0,22.9956,-17.8014,0
4.7,122.517,22.8093,0,22.9828,-17.8895,0
4.71,122.747,22.6299,0,22.9699,-17.9776,0
4.72,122.977,22.4497,0,22.9571,-18.0656,0
4.73,123.206,22.2686,0,22.9442,-18.1535,0
4.74,123.436,22.0866,0,22.9313,-18.2414,0
4.75,123.665,21.9038,0,22.9184,-18.3292,0
4.76,123.894,21.72,0,22.9055,-18.417,0
4.77,124.123,21.5354,0,22.8925,-18.5047,0
4.78,124.352,21.35,0,22.8796,-18.5923,0
4.79,124.581,21.1636,0,22.8667,-18.6798,0
4.8,124.809,20.9764,0,22.8537,-18.7673,0
4.81,125.038,20.7882,0,22.8407,-18.8547,0
4.82,125.266,20.5993,0,22.8277,-18.9421,0
4.83,125.494,20.4094,0,22.8147,-19.0293,0
4.84,125.722,20.2187,0,22.8017,-19.1166,0
4.85,125.95,20.0271,0,22.7887,-19.2037,0
4.86,126.178,19.8346,0,22.7756,-19.2908,0
4.87,126.406,19.6413,0,22.7626,-19.3778,0
4.88,126.633,19.447,0,22.7495,-19.4648,0
4.89,126.861,19.252,0,22.7364,-19.5516,0
4.9,127.088,19.056,0,22.7234,-19.6385,0
4.91,127.315,18.8592,0,22.7102,-19.7252,0
4.92,127.542,18.6615,0,22.6971,-19.8119,0
4.93,127.769,18.463,0,22.684,-19.8985,0
4.94,127.996,18.2635,0,22.6709,-19.985,0
4.95,128.223,18.0633,0,22.6577,-20.0715,0
4.96,128.449,17.8621,0,22.6445,-20.1579,0
4.97,128.676,17.6601,0,22.6314,-20.2443,0
4.98,128.902,17.4572,0,22.6182,-20.3305,0
4.99,129.128,17.2535,0,22.6049,-20.4167,0
5,129.354,17.0489,0,22.5917,-20.5028,0
5.01,129.58,16.8434,0,22.5785,-20.5889,0
5.02,129.805,16.6371,0,22.5652,-20.6749,0
5.03,130.031,16.4299,0,22.552,-20.7608,0
5.04,130.256,16.2219,0,22.5387,-20.8467,0
5.05,130.482,16.013,0,22.5254,-20.9325,0
5.06,130.707,15.8032,0,22.5121,-21.0182,0
5.07,130.932,15.5926,0,22.4988,-21.1038,0
5.08,131.157,15.3812,0,22.4855,-21.1894,0
5.09,131.382,15.1689,0,22.4721,-21.2749,0
5.1,131.606,14.9557,0,22.4588,-21.3603,0
5.11,131.831,14.7416,0,22.4454,-21.4457,0
5.12,132.055,14.5268,0,22.432,-21.531,0
5.13,132.28,14.311,0,22.4187,-21.6162,0
5.14,132.504,14.0944,0,22.4053,-21.7013,0
5.15,132.728,13.877,0,22.3918,-21.7864,0
5.16,132.952,13.6587,0,22.3784,-21.8714,0
5.17,133.175,13.4396,0,22.365,-21.9563,0
5.18,133.399,13.2196,0,22.3515,-22.0412,0
5.19,133.622,12.9987,0,22.338,-22.126,0
5.2,133.846,12.7771,0,22.3245,-22.2107,0
5.21,134.069,12.5545,0,22.311,-22.2953,0
5.22,134.292,12.3312,0,22.2975,-22.3799,0
5.23,134.515,12.1069,0,22.284,-22.4644,0
5.24,134.737,11.8819,0,22.2705,-22.5488,0
5.25,134.96,11.656,0,22.2569,-22.6331,0
5.26,135.183,11.4292,0,22.2433,-22.7174,0
5.27,135.405,11.2016,0,22.2298,-22.8016,0
5.28,135.627,10.9732,0,22.2162,-22.8858,0
5.29,135.849,10.7439,0,22.2026,-22.9698,0
5.3,136.071,10.5138,0,22.1889,-23.0538,0
5.31,136.293,10.2828,0,22.1753,-23.1377,0
5.32,136.515,10.051,0,22.1617,-23.2215,0
5.33,136.736,9.81839,0,22.148,-23.3053,0
5.34,136.958,9.58492,0,22.1343,-23.389,0
5.35,137.179,9.35061,0,22.1207,-23.4726,0
5.36,137.4,9.11547,0,22.107,-23.5561,0
5.37,137.621,8.87949,0,22.0932,-23.6396,0
5.38,137.842,8.64268,0,22.0795,-23.7229,0
5.39,138.063,8.40503,0,22.0658,-23.8063,0
5.4,138.283,8.16655,0,22.052,-23.8895,0
5.41,138.504,7.92724,0,22.0383,-23.9726,0
5.42,138.724,7.6871,0,22.0245,-24.0557,0
5.43,138.944,7.44613,0,22.0107,-24.1387,0
5.44,139.164,7.20433,0,21.9969,-24.2217,0
5.45,139.384,6.9617,0,21.9831,-24.3045,0
5.46,139.604,6.71824,0,21.9692,-24.3873,0
5.47,139.824,6.47395,0,21.9554,-24.47,0
5.48,140.043,6.22884,0,21.9415,-24.5526,0
5.49,140.262,5.9829,0,21.9276,-24.6352,0
5.5,140.482,5.73614,0,21.9138,-24.7176,0
5.51,140.701,5.48855,0,21.8999,-24.8,0
5.52,140.92,5.24014,0,21.886,-24.8823,0
5.53,141.138,4.9909,0,21.872,-24.9646,0
5.54,141.357,4.74084,0,21.8581,-25.0467,0
5.55,141.576,4.48997,0,21.8441,-25.1288,0
5.56,141.794,4.23827,0,21.8302,-25.2108,0
5.57,142.012,3.98575,0,21.8162,-25.2927,0
5.58,142.23,3.73241,0,21.8022,-25.3746,0
5.59,142.448,3.47826,0,21.7882,-25.4563,0
5.6,142.666,3.22329,0,21.7742,-25.538,0
5.61,142.884,2.9675,0,21.7601,-25.6197,0
5.62,143.101,2.71089,0,21.7461,-25.7012,0
5.63,143.319,2.45348,0,21.732,-25.7826,0
5.64,143.536,2.19524,0,21.718,-25.864,0
5.65,143.753,1.9362,0,21.7039,-25.9453,0
5.66,143.97,1.67634,0,21.6898,-26.0265,0
5.67,144.187,1.41567,0,21.6757,-26.1077,0
5.68,144.403,1.15418,0,21.6616,-26.1887,0
5.69,144.62,0.891891,0,21.6474,-26.2697,0
5.7,144.836,0.628789,0,21.6333,-26.3506,0
5.71,145.053,0.364879,0,21.6191,-26.4314,0
5.72,145.269,0.100161,0,21.6049,-26.5122,0
